Time,,ALL-NODES,NCA,NCD,Created,Received,DATA,DATA,DATA,DATA,DATA,Created_PRI_1,Received_PRI_1,DATA_PRI_1,DATA_PRI_1,DATA_PRI_1,DATA_PRI_1,DATA_PRI_1,Created_PRI_2,Received_PRI_2,DATA_PRI_2,DATA_PRI_2,DATA_PRI_2,DATA_PRI_2,DATA_PRI_2
1.0,1.0,98.73,200,0,0.0,0.0,0,0,0,0,0,0.0,0.0,0,0,0,0,0,0.0,0.0,0,0,0,0,0
1.1,1.0,98.63,200,0,0.0,0.0,0,0,0,0,0,0.0,0.0,0,0,0,0,0,0.0,0.0,0,0,0,0,0
1.2,1.0,98.61,200,0,0.0,0.0,0,0,0,0,0,0.0,0.0,0,0,0,0,0,0.0,0.0,0,0,0,0,0
1.3,1.1,98.59,200,0,0.0,0.0,0,0,0,0,0,0.0,0.0,0,0,0,0,0,0.0,0.0,0,0,0,0,0
1.4,1.1,98.57,200,0,0.0,0.0,0,0,0,0,0,0.0,0.0,0,0,0,0,0,0.0,0.0,0,0,0,0,0
1.5,1.1,98.55,200,0,0.0,0.0,0,0,0,0,0,0.0,0.0,0,0,0,0,0,0.0,0.0,0,0,0,0,0
1.6,1.1,98.48,200,0,4620.0,0.0,183,183,100,18068,1921,4620.0,4620.0,183,183,100,18068,1921,0.0,0.0,0,0,0,0,0
1.7,1.1,98.46,200,0,4620.0,0.0,183,183,100,18068,1921,4620.0,4620.0,183,183,100,18068,1921,0.0,0.0,0,0,0,0,0
1.8,1.1,98.44,200,0,4620.0,0.0,183,183,100,18068,1921,4620.0,4620.0,183,183,100,18068,1921,0.0,0.0,0,0,0,0,0
1.9,1.2,98.42,200,0,4620.0,0.0,183,183,100,18068,1921,4620.0,4620.0,183,183,100,18068,1921,0.0,0.0,0,0,0,0,0
1.10,1.2,98.4,200,0,7810.0,0.0,296,231,79,18068,1637,7810.0,4620.0,296,231,79,18068,1637,0.0,0.0,0,0,0,0,0
1.11,1.2,98.31,200,0,11795.0,0.0,442,442,100,18068,1597,9095.0,9095.0,370,370,100,18068,1730,2700.0,2700.0,72,72,100,3228,916
1.12,1.2,98.29,200,0,11795.0,0.0,442,442,100,18068,1597,9095.0,9095.0,370,370,100,18068,1730,2700.0,2700.0,72,72,100,3228,916
1.13,1.2,98.27,200,0,11795.0,0.0,442,442,100,18068,1597,9095.0,9095.0,370,370,100,18068,1730,2700.0,2700.0,72,72,100,3228,916
1.14,1.2,98.22,200,0,11795.0,0.0,442,442,100,18068,1597,9095.0,9095.0,370,370,100,18068,1730,2700.0,2700.0,72,72,100,3228,916
1.15,1.3,98.16,200,0,16098.0,0.0,637,632,100,18068,1546,13398.0,12719.0,565,560,100,18068,1627,2700.0,2700.0,72,72,100,3228,916
1.16,1.3,98.12,200,0,16127.0,0.0,643,643,100,26553,1606,13427.0,13427.0,571,571,100,26553,1693,2700.0,2700.0,72,72,100,3228,916
1.17,1.3,98.1,200,0,16127.0,0.0,643,643,100,26553,1606,13427.0,13427.0,571,571,100,26553,1693,2700.0,2700.0,72,72,100,3228,916
1.18,1.3,98.08,200,0,16127.0,0.0,643,643,100,26553,1606,13427.0,13427.0,571,571,100,26553,1693,2700.0,2700.0,72,72,100,3228,916
1.19,1.3,98.06,200,0,16127.0,0.0,643,643,100,26553,1606,13427.0,13427.0,571,571,100,26553,1693,2700.0,2700.0,72,72,100,3228,916
1.20,1.3,97.98,200,0,22083.0,0.0,887,874,99,26553,1615,17613.0,17613.0,784,784,100,26553,1702,4470.0,2700.0,103,90,88,3228,857
1.21,1.4,97.95,200,0,22970.0,0.0,928,928,100,26553,1565,17613.0,17613.0,784,784,100,26553,1702,5357.0,5357.0,144,144,100,3228,822
1.22,1.4,97.93,200,0,22970.0,0.0,928,928,100,26553,1565,17613.0,17613.0,784,784,100,26553,1702,5357.0,5357.0,144,144,100,3228,822
1.23,1.4,97.91,200,0,22970.0,0.0,928,928,100,26553,1565,17613.0,17613.0,784,784,100,26553,1702,5357.0,5357.0,144,144,100,3228,822
1.24,1.4,97.84,200,0,26606.0,0.0,1119,1115,100,26553,1544,21249.0,21115.0,975,971,100,26553,1652,5357.0,5357.0,144,144,100,3228,822
1.25,1.4,97.8,200,0,27015.0,0.0,1149,1148,100,26553,1534,21658.0,21632.0,1005,1004,100,26553,1637,5357.0,5357.0,144,144,100,3228,822
1.26,1.4,97.78,200,0,27015.0,0.0,1149,1148,100,26553,1534,21658.0,21632.0,1005,1004,100,26553,1637,5357.0,5357.0,144,144,100,3228,822
1.27,1.5,97.76,200,0,27015.0,0.0,1149,1148,100,26553,1534,21658.0,21632.0,1005,1004,100,26553,1637,5357.0,5357.0,144,144,100,3228,822
1.28,1.5,97.71,200,0,30180.0,0.0,1310,1304,100,26553,1484,24823.0,24364.0,1166,1160,100,26553,1567,5357.0,5357.0,144,144,100,3228,822
1.29,1.5,97.67,200,0,30916.0,0.0,1367,1363,100,26553,1447,25559.0,25282.0,1223,1219,100,26553,1521,5357.0,5357.0,144,144,100,3228,822
1.30,1.5,97.63,200,0,33472.0,0.0,1442,1437,100,26553,1406,25559.0,25282.0,1223,1219,100,26553,1521,7913.0,7390.0,219,218,100,3228,761
1.31,1.5,97.61,200,0,33532.0,0.0,1449,1445,100,26553,1401,25559.0,25282.0,1223,1219,100,26553,1521,7973.0,7973.0,226,226,100,3228,751
1.32,1.5,97.56,200,0,36301.0,0.0,1595,1588,100,26553,1395,28328.0,27856.0,1369,1362,100,26553,1502,7973.0,7973.0,226,226,100,3228,751
1.33,1.6,97.51,200,0,37214.0,0.0,1664,1656,100,38708,1385,29241.0,28739.0,1438,1430,100,38708,1485,7973.0,7973.0,226,226,100,3228,751
1.34,1.6,97.48,200,0,37293.0,0.0,1671,1664,100,38708,1381,29320.0,28871.0,1445,1438,100,38708,1480,7973.0,7973.0,226,226,100,3228,751
1.35,1.6,97.46,200,0,37293.0,0.0,1671,1664,100,38708,1381,29320.0,28871.0,1445,1438,100,38708,1480,7973.0,7973.0,226,226,100,3228,751
1.36,1.6,97.41,200,0,39903.0,0.0,1810,1803,100,38708,1368,31930.0,31433.0,1584,1577,100,38708,1456,7973.0,7973.0,226,226,100,3228,751
1.37,1.6,97.36,200,0,40757.0,0.0,1877,1867,100,38708,1341,32784.0,32209.0,1651,1641,100,38708,1422,7973.0,7973.0,226,226,100,3228,751
1.38,1.6,97.34,200,0,40910.0,0.0,1890,1882,100,38708,1334,32937.0,32462.0,1664,1656,100,38708,1414,7973.0,7973.0,226,226,100,3228,751
1.39,1.7,97.32,200,0,40910.0,0.0,1890,1882,100,38708,1334,32937.0,32462.0,1664,1656,100,38708,1414,7973.0,7973.0,226,226,100,3228,751
1.40,1.7,97.25,200,0,46062.0,0.0,2124,2113,100,38708,1307,35573.0,34763.0,1818,1807,100,38708,1395,10489.0,10489.0,306,306,100,4170,787
1.41,1.7,97.21,200,0,46787.0,0.0,2182,2171,100,38708,1287,36238.0,35421.0,1870,1859,100,38708,1372,10549.0,10549.0,312,312,100,4170,781
1.42,1.7,97.18,200,0,46935.0,0.0,2197,2186,100,38708,1282,36386.0,35665.0,1885,1874,100,38708,1365,10549.0,10549.0,312,312,100,4170,781
1.43,1.7,97.14,200,0,49084.0,0.0,2319,2304,100,38708,1268,38535.0,37540.0,2007,1992,100,38708,1344,10549.0,10549.0,312,312,100,4170,781
1.44,1.7,97.1,200,0,49643.0,0.0,2364,2347,100,38708,1252,39094.0,37940.0,2052,2035,100,38708,1325,10549.0,10549.0,312,312,100,4170,781
1.45,1.8,97.06,200,0,50126.0,0.0,2407,2390,100,38708,1249,39577.0,38513.0,2095,2078,100,38708,1319,10549.0,10549.0,312,312,100,4170,781
1.46,1.8,97.04,200,0,51693.0,0.0,2491,2440,98,38708,1234,41144.0,38657.0,2179,2128,98,38708,1301,10549.0,10549.0,312,312,100,4170,781
1.47,1.8,96.98,200,0,52515.0,0.0,2561,2539,100,38708,1231,41966.0,40772.0,2249,2227,100,38708,1294,10549.0,10549.0,312,312,100,4170,781
1.48,1.8,96.94,200,0,53108.0,0.0,2610,2586,100,38708,1217,42559.0,41275.0,2298,2274,99,38708,1277,10549.0,10549.0,312,312,100,4170,781
1.49,1.8,96.89,200,0,55662.0,0.0,2714,2687,100,38708,1194,42811.0,41570.0,2323,2298,99,38708,1270,12851.0,12738.0,391,389,100,4170,743
1.50,1.8,96.83,200,0,57984.0,0.0,2862,2832,99,38708,1210,44901.0,43462.0,2458,2430,99,38708,1289,13083.0,12911.0,404,402,100,4170,733
1.51,1.9,96.79,200,0,58340.0,0.0,2901,2867,99,38708,1201,45257.0,43774.0,2493,2461,99,38708,1279,13083.0,12970.0,408,406,100,4170,731
1.52,1.9,96.75,200,0,58815.0,0.0,2939,2905,99,38708,1193,45732.0,44203.0,2531,2499,99,38708,1268,13083.0,12970.0,408,406,100,4170,731
1.53,1.9,96.69,200,0,60788.0,0.0,3080,3046,99,38708,1191,47705.0,46181.0,2672,2640,99,38708,1262,13083.0,12970.0,408,406,100,4170,731
1.54,1.9,96.66,200,0,61197.0,0.0,3118,3077,99,38708,1184,48114.0,46466.0,2710,2671,99,38708,1252,13083.0,12970.0,408,406,100,4170,731
1.55,1.9,96.62,200,0,62748.0,0.0,3222,3145,98,38708,1171,49665.0,46753.0,2814,2739,98,38708,1236,13083.0,12970.0,408,406,100,4170,731
1.56,1.9,96.57,200,0,63502.0,0.0,3289,3242,99,38708,1167,50419.0,48375.0,2881,2836,99,38708,1230,13083.0,12970.0,408,406,100,4170,731
1.57,2.0,96.53,200,0,63916.0,0.0,3327,3279,99,38708,1160,50833.0,48772.0,2919,2873,99,38708,1221,13083.0,12970.0,408,406,100,4170,731
1.58,2.0,96.45,200,0,67746.0,0.0,3540,3482,99,38708,1165,52623.0,50216.0,3063,3011,99,38708,1228,15123.0,14072.0,477,471,99,4170,764
1.59,2.0,96.4,200,0,68551.0,0.0,3606,3547,99,38708,1158,53033.0,50531.0,3099,3045,99,38708,1221,15518.0,15125.0,507,502,100,8341,770
2.0,2.0,96.36,200,0,68967.0,0.0,3652,3591,99,38708,1150,53391.0,50924.0,3138,3082,99,38708,1213,15576.0,15241.0,514,509,100,8341,766
2.1,2.0,96.28,200,0,70112.0,0.0,3749,3683,99,38708,1152,54536.0,51848.0,3235,3174,99,38708,1214,15576.0,15241.0,514,509,100,8341,766
2.2,2.0,96.25,200,0,70296.0,0.0,3769,3700,99,38708,1149,54720.0,51975.0,3255,3191,99,38708,1210,15576.0,15241.0,514,509,100,8341,766
2.3,2.1,96.21,200,0,71350.0,0.0,3865,3792,99,38708,1137,55774.0,52719.0,3351,3283,98,38708,1195,15576.0,15241.0,514,509,100,8341,766
2.4,2.1,96.18,200,0,71598.0,0.0,3891,3817,99,38708,1133,56022.0,52943.0,3377,3308,98,38708,1190,15576.0,15241.0,514,509,100,8341,766
2.5,2.1,96.13,200,0,72581.0,0.0,3983,3906,99,38708,1127,57005.0,53772.0,3469,3397,98,38708,1181,15576.0,15241.0,514,509,100,8341,766
2.6,2.1,96.1,200,0,72861.0,0.0,4011,3933,99,38708,1123,57285.0,54003.0,3497,3424,98,38708,1176,15576.0,15241.0,514,509,100,8341,766
2.7,2.1,96.01,200,0,75533.0,0.0,4155,4072,99,38708,1113,58117.0,54750.0,3579,3503,98,38708,1170,17416.0,16539.0,576,569,99,8341,763
2.8,2.1,95.96,200,0,76295.0,0.0,4235,4153,99,38708,1102,58437.0,55034.0,3613,3537,98,38708,1164,17858.0,17412.0,622,616,100,8341,744
2.9,2.2,95.9,200,0,77286.0,0.0,4343,4257,99,38708,1091,59315.0,55803.0,3710,3630,98,38708,1152,17971.0,17580.0,633,627,100,8341,739
2.10,2.2,95.86,200,0,80970.0,0.0,4442,4352,98,38708,1089,59462.0,55995.0,3732,3651,98,38708,1149,21508.0,19437.0,710,701,99,8341,777
2.11,2.2,95.8,200,0,81798.0,0.0,4540,4449,98,38708,1080,60290.0,56745.0,3829,3747,98,38708,1137,21508.0,20037.0,711,702,99,8341,777
2.12,2.2,95.76,200,0,82641.0,0.0,4640,4548,99,38708,1071,61133.0,57543.0,3929,3846,98,38708,1125,21508.0,20037.0,711,702,99,8341,777
2.13,2.2,95.71,200,0,82856.0,0.0,4667,4574,99,38708,1068,61348.0,57726.0,3956,3872,98,38708,1121,21508.0,20037.0,711,702,99,8341,777
2.14,2.2,95.66,200,0,83684.0,0.0,4766,4670,98,38708,1062,62176.0,58511.0,4055,3968,98,38708,1112,21508.0,20037.0,711,702,99,8341,777
2.15,2.3,95.63,200,0,83925.0,0.0,4794,4697,98,38708,1059,62417.0,58700.0,4083,3995,98,38708,1108,21508.0,20037.0,711,702,99,8341,777
2.16,2.3,95.57,200,0,86582.0,0.0,4955,4855,98,38708,1045,63266.0,59489.0,4186,4095,98,38708,1098,23316.0,21366.0,769,760,99,8341,757
2.17,2.3,95.52,200,0,87736.0,0.0,5080,4977,98,38708,1035,63984.0,60187.0,4275,4183,98,38708,1090,23752.0,22117.0,805,794,99,8341,745
2.18,2.3,95.46,200,0,88158.0,0.0,5130,5024,98,38708,1030,64295.0,60477.0,4317,4222,98,38708,1085,23863.0,22280.0,813,802,99,8341,742
2.19,2.3,95.41,200,0,88956.0,0.0,5225,5116,98,38708,1030,65037.0,61052.0,4407,4308,98,38708,1084,23919.0,22392.0,818,808,99,8341,740
2.20,2.3,95.36,200,0,92689.0,0.0,5354,5241,98,38708,1023,65342.0,61297.0,4446,4346,98,38708,1079,27347.0,25522.0,908,895,99,8341,753
2.21,2.4,95.3,200,0,93507.0,0.0,5462,5343,98,38708,1022,66160.0,61955.0,4549,4443,98,38708,1077,27347.0,25582.0,913,900,99,8341,752
2.22,2.4,95.26,200,0,94305.0,0.0,5560,5441,98,38708,1017,66958.0,62678.0,4647,4541,98,38708,1070,27347.0,25582.0,913,900,99,8341,752
2.23,2.4,95.21,200,0,94541.0,0.0,5597,5476,98,38708,1014,67194.0,62915.0,4684,4576,98,38708,1066,27347.0,25582.0,913,900,99,8341,752
2.24,2.4,95.16,200,0,95261.0,0.0,5691,5568,98,38708,1011,67914.0,63608.0,4778,4668,98,38708,1061,27347.0,25582.0,913,900,99,8341,752
2.25,2.4,95.1,200,0,97487.0,0.0,5818,5692,98,38708,1000,68311.0,63901.0,4831,4719,98,38708,1056,29176.0,27145.0,987,973,99,8341,732
2.26,2.4,95.04,200,0,98568.0,0.0,5934,5806,98,38708,994,69015.0,64592.0,4923,4809,98,38708,1049,29553.0,27732.0,1011,997,99,8341,726
2.27,2.5,94.99,200,0,99462.0,0.0,6049,5917,98,38708,989,69855.0,65380.0,5036,4918,98,38708,1043,29607.0,27786.0,1013,999,99,8341,726
2.28,2.5,94.94,200,0,99834.0,0.0,6099,5965,98,38708,985,70115.0,65629.0,5077,4957,98,38708,1038,29719.0,27898.0,1022,1008,99,8341,723
2.29,2.5,94.89,200,0,100584.0,0.0,6198,6060,98,38708,981,70865.0,66350.0,5176,5052,98,38708,1032,29719.0,27898.0,1022,1008,99,8341,723
2.30,2.5,94.83,200,0,104277.0,0.0,6353,6209,98,38708,976,71182.0,66577.0,5224,5097,98,38708,1029,33095.0,31095.0,1129,1112,99,8341,732
2.31,2.5,94.77,200,0,105014.0,0.0,6455,6307,98,38708,971,71919.0,67192.0,5322,5190,98,38708,1022,33095.0,31154.0,1133,1117,99,8341,732
2.32,2.5,94.72,200,0,105846.0,0.0,6563,6412,98,38708,965,72751.0,67862.0,5430,5295,98,38708,1014,33095.0,31154.0,1133,1117,99,8341,732
2.33,2.6,94.67,200,0,107527.0,0.0,6648,6494,98,38708,959,73001.0,68066.0,5468,5331,98,38708,1011,34526.0,32481.0,1180,1163,99,8341,724
2.34,2.6,94.6,200,0,108756.0,0.0,6799,6639,98,38708,953,73758.0,68706.0,5572,5431,98,38708,1006,34998.0,32793.0,1227,1208,99,8341,717
2.35,2.6,94.55,200,0,109272.0,0.0,6887,6727,98,38708,947,74063.0,68921.0,5620,5477,98,38708,1002,35209.0,33215.0,1267,1250,99,8341,710
2.36,2.6,94.5,200,0,110113.0,0.0,6986,6822,98,38708,944,74795.0,69533.0,5716,5570,98,38708,996,35318.0,33268.0,1270,1252,99,8341,709
2.37,2.6,94.45,200,0,111016.0,0.0,7110,6940,98,38708,939,75642.0,70127.0,5834,5682,98,38708,990,35374.0,33324.0,1276,1258,99,8341,708
2.38,2.6,94.4,200,0,111318.0,0.0,7156,6982,98,38708,936,75888.0,70337.0,5875,5719,98,38708,986,35430.0,33380.0,1281,1263,99,8341,707
2.39,2.7,94.34,200,0,114826.0,0.0,7331,7152,98,38708,932,76658.0,70990.0,5980,5821,98,38708,981,38168.0,34292.0,1351,1331,99,8341,719
2.40,2.7,94.27,200,0,115673.0,0.0,7445,7261,98,38708,926,76920.0,71170.0,6024,5862,98,38708,977,38753.0,36467.0,1421,1399,99,8341,709
2.41,2.7,94.21,200,0,117237.0,0.0,7570,7380,98,38708,922,77684.0,71884.0,6125,5960,98,38708,973,39553.0,36525.0,1445,1420,99,8341,707
2.42,2.7,94.15,200,0,118852.0,0.0,7738,7544,98,38708,915,78541.0,72505.0,6240,6068,98,38708,967,40311.0,37928.0,1498,1476,99,8341,700
2.43,2.7,94.1,200,0,119561.0,0.0,7830,7633,98,38708,911,78783.0,72771.0,6283,6107,98,38708,966,40778.0,38342.0,1547,1526,99,8341,693
2.44,2.7,94.03,200,0,120415.0,0.0,7952,7752,98,38708,910,79533.0,73461.0,6385,6206,98,38708,965,40882.0,38654.0,1567,1546,99,8341,691
2.45,2.8,93.99,200,0,120733.0,0.0,7999,7791,98,38708,908,79795.0,73621.0,6431,6245,98,38708,962,40938.0,38654.0,1568,1546,99,8341,691
2.46,2.8,93.93,200,0,121573.0,0.0,8111,7897,98,38708,905,80580.0,74180.0,6535,6343,98,38708,957,40993.0,38654.0,1576,1554,99,8341,690
2.47,2.8,93.88,200,0,122471.0,0.0,8236,8020,98,38708,901,81422.0,74922.0,6651,6457,98,38708,952,41049.0,38765.0,1585,1563,99,8341,689
2.48,2.8,93.83,200,0,122699.0,0.0,8276,8056,98,38708,899,81650.0,75110.0,6691,6493,98,38708,950,41049.0,38765.0,1585,1563,99,8341,689
2.49,2.8,93.74,200,0,126551.0,0.0,8519,8288,98,38708,896,82411.0,75811.0,6800,6596,97,38708,947,44140.0,41291.0,1719,1692,99,8341,695
2.50,2.8,93.69,200,0,128368.0,0.0,8638,8403,98,38708,890,82673.0,75961.0,6842,6635,97,38708,945,45695.0,42845.0,1796,1768,99,8341,687
2.51,2.9,93.62,200,0,129555.0,0.0,8781,8541,98,38708,888,83453.0,76625.0,6947,6737,97,38708,942,46102.0,43097.0,1834,1804,99,8341,683
2.52,2.9,93.56,200,0,130665.0,0.0,8928,8684,98,38708,885,84304.0,77426.0,7070,6856,97,38708,940,46361.0,43405.0,1858,1828,99,8341,680
2.53,2.9,93.5,200,0,130939.0,0.0,8974,8725,98,38708,884,84527.0,77609.0,7112,6893,97,38708,939,46412.0,43509.0,1862,1832,99,8341,679
2.54,2.9,93.44,200,0,131755.0,0.0,9081,8828,98,38708,882,85287.0,78359.0,7218,6996,97,38708,936,46468.0,43509.0,1863,1832,99,8341,679
2.55,2.9,93.41,200,0,132108.0,0.0,9134,8878,98,38708,880,85585.0,78581.0,7265,7041,97,38708,933,46523.0,43509.0,1869,1837,99,8341,679
2.56,2.9,93.35,200,0,132904.0,0.0,9240,8981,98,38708,883,86325.0,79171.0,7366,7138,97,38708,935,46579.0,43564.0,1874,1843,99,8341,678
2.57,3.0,93.29,200,0,133766.0,0.0,9365,9101,98,38708,880,87187.0,79871.0,7489,7256,97,38708,931,46579.0,43620.0,1876,1845,99,8341,678
2.58,3.0,93.21,200,0,138088.0,0.0,9544,9275,98,38708,875,87397.0,80021.0,7527,7290,97,38708,930,50691.0,47135.0,2017,1985,99,8341,676
2.59,3.0,93.14,200,0,139465.0,0.0,9707,9429,98,38708,873,88194.0,80741.0,7638,7396,97,38708,928,51271.0,47661.0,2069,2033,99,8341,672
3.0,3.0,93.09,200,0,140087.0,0.0,9779,9498,98,38708,873,88444.0,80951.0,7682,7438,97,38708,929,51643.0,48070.0,2097,2060,99,8341,669
3.1,3.0,93.03,200,0,141050.0,0.0,9874,9589,98,38708,874,89407.0,81865.0,7777,7529,97,38708,930,51643.0,48070.0,2097,2060,99,8341,669
3.2,3.0,92.99,200,0,141707.0,0.0,9954,9660,98,38708,871,90064.0,82227.0,7857,7600,97,38708,926,51643.0,48070.0,2097,2060,99,8341,669
3.3,3.1,92.94,200,0,142421.0,0.0,10025,9730,98,38708,872,90778.0,82939.0,7928,7670,97,38708,926,51643.0,48070.0,2097,2060,99,8341,669
3.4,3.1,92.89,200,0,142893.0,0.0,10091,9790,98,38708,871,91250.0,83325.0,7994,7730,97,38708,925,51643.0,48070.0,2097,2060,99,8341,669
3.5,3.1,92.83,200,0,145068.0,0.0,10233,9925,97,38708,870,93425.0,85176.0,8136,7865,97,38708,922,51643.0,48070.0,2097,2060,99,8341,669
3.6,3.1,92.77,200,0,145515.0,0.0,10290,9979,97,38708,872,93872.0,85482.0,8193,7919,97,38708,924,51643.0,48070.0,2097,2060,99,8341,669
3.7,3.1,92.72,200,0,146453.0,0.0,10399,10083,97,38708,870,94810.0,86097.0,8302,8023,97,38708,921,51643.0,48070.0,2097,2060,99,8341,669
3.8,3.1,92.67,200,0,146766.0,0.0,10440,10119,97,38708,872,95123.0,86360.0,8343,8059,97,38708,924,51643.0,48070.0,2097,2060,99,8341,669
3.9,3.2,92.6,200,0,147675.0,0.0,10550,10226,97,38708,873,96032.0,87195.0,8453,8166,97,38708,924,51643.0,48070.0,2097,2060,99,8341,669
3.10,3.2,92.55,200,0,152157.0,0.0,10707,10381,97,38708,871,97574.0,88658.0,8545,8257,97,38708,922,54583.0,49690.0,2162,2124,99,8341,673
3.11,3.2,92.48,200,0,153076.0,0.0,10827,10495,97,38708,871,98493.0,89343.0,8659,8365,97,38708,921,54583.0,50950.0,2168,2130,99,8341,673
3.12,3.2,92.43,200,0,153942.0,0.0,10938,10598,97,38708,870,99359.0,89939.0,8770,8468,97,38708,919,54583.0,50950.0,2168,2130,99,8341,673
3.13,3.2,92.38,200,0,154227.0,0.0,10975,10635,97,38708,869,99644.0,90198.0,8807,8505,97,38708,918,54583.0,50950.0,2168,2130,99,8341,673
3.14,3.2,92.32,200,0,155052.0,0.0,11082,10735,97,38708,868,100469.0,90856.0,8914,8605,97,38708,916,54583.0,50950.0,2168,2130,99,8341,673
3.15,3.3,92.26,200,0,156629.0,0.0,11185,10833,97,38708,866,102046.0,92231.0,9017,8703,97,38708,914,54583.0,50950.0,2168,2130,99,8341,673
3.16,3.3,92.2,200,0,157510.0,0.0,11295,10940,97,38708,867,102927.0,93084.0,9127,8810,97,38708,913,54583.0,50950.0,2168,2130,99,8341,673
3.17,3.3,92.15,200,0,158385.0,0.0,11407,11039,97,38708,866,103802.0,93563.0,9239,8909,97,38708,912,54583.0,50950.0,2168,2130,99,8341,673
3.18,3.3,92.1,200,0,158640.0,0.0,11446,11073,97,38708,865,104057.0,93763.0,9278,8943,97,38708,910,54583.0,50950.0,2168,2130,99,8341,673
3.19,3.3,91.96,200,0,160466.0,0.0,11606,11222,97,38708,864,105883.0,95170.0,9438,9092,97,38708,909,54583.0,50950.0,2168,2130,99,8341,673
3.20,3.3,91.88,200,0,163924.0,0.0,11753,11361,97,38708,862,106446.0,95605.0,9498,9146,97,38708,908,57478.0,53136.0,2255,2215,99,8341,674
3.21,3.4,91.81,200,0,164792.0,0.0,11892,11490,97,38708,862,107314.0,96253.0,9611,9249,97,38708,908,57478.0,53254.0,2281,2241,99,8341,673
3.22,3.4,91.75,200,0,165678.0,0.0,12012,11603,97,38708,861,108200.0,96949.0,9726,9357,97,38708,907,57478.0,53549.0,2286,2246,99,8341,673
3.23,3.4,91.7,200,0,165911.0,0.0,12049,11637,97,38708,860,108433.0,97118.0,9763,9391,97,38708,905,57478.0,53549.0,2286,2246,99,8341,673
3.24,3.4,91.62,200,0,167887.0,0.0,12224,11802,97,38708,860,110409.0,98711.0,9938,9556,97,38708,904,57478.0,53549.0,2286,2246,99,8341,673
3.25,3.4,91.57,200,0,168286.0,0.0,12271,11839,97,38708,860,110808.0,98891.0,9985,9593,97,38708,904,57478.0,53549.0,2286,2246,99,8341,673
3.26,3.4,91.5,200,0,169172.0,0.0,12392,11950,97,38708,860,111694.0,99582.0,10106,9704,97,38708,904,57478.0,53549.0,2286,2246,99,8341,673
3.27,3.5,91.45,200,0,170014.0,0.0,12502,12054,97,38708,860,112536.0,100243.0,10216,9808,97,38708,903,57478.0,53549.0,2286,2246,99,8341,673
3.28,3.5,91.38,200,0,171264.0,0.0,12598,12144,97,38708,858,113786.0,101111.0,10312,9898,96,38708,900,57478.0,53549.0,2286,2246,99,8341,673
3.29,3.5,91.31,200,0,172235.0,0.0,12723,12258,97,38708,858,114757.0,101971.0,10437,10012,96,38708,900,57478.0,53549.0,2286,2246,99,8341,673
3.30,3.5,91.25,200,0,175442.0,0.0,12877,12401,97,38708,855,115112.0,102144.0,10485,10050,96,38708,898,60330.0,56222.0,2392,2351,99,8341,669
3.31,3.5,91.19,200,0,176304.0,0.0,13011,12526,97,38708,855,115974.0,102694.0,10598,10154,96,38708,899,60330.0,56281.0,2413,2372,99,8341,668
3.32,3.5,91.11,200,0,177999.0,0.0,13179,12684,97,38708,856,117669.0,104017.0,10765,10311,96,38708,900,60330.0,56341.0,2414,2373,99,8341,668
3.33,3.6,91.04,200,0,178476.0,0.0,13239,12735,97,38708,855,118146.0,104344.0,10825,10362,96,38708,898,60330.0,56341.0,2414,2373,99,8341,668
3.34,3.6,90.98,200,0,179389.0,0.0,13356,12843,97,38708,855,119059.0,105102.0,10942,10470,96,38708,897,60330.0,56341.0,2414,2373,99,8341,668
3.35,3.6,90.93,200,0,179727.0,0.0,13404,12881,97,38708,854,119397.0,105309.0,10990,10508,96,38708,896,60330.0,56341.0,2414,2373,99,8341,668
3.36,3.6,90.86,200,0,181357.0,0.0,13559,13019,97,38708,856,121027.0,106555.0,11145,10646,96,38708,898,60330.0,56341.0,2414,2373,99,8341,668
3.37,3.6,90.81,200,0,182402.0,0.0,13685,13131,96,38708,855,122072.0,107280.0,11271,10758,96,38708,896,60330.0,56341.0,2414,2373,99,8341,668
3.38,3.6,90.76,200,0,182735.0,0.0,13732,13166,96,38708,854,122405.0,107465.0,11318,10793,96,38708,895,60330.0,56341.0,2414,2373,99,8341,668
3.39,3.7,90.69,200,0,186601.0,0.0,13948,13363,96,38708,854,123929.0,108729.0,11469,10929,96,38708,895,62672.0,57368.0,2479,2434,99,8341,670
3.40,3.7,90.62,200,0,187542.0,0.0,14083,13489,96,38708,853,124401.0,109035.0,11530,10979,96,38708,893,63141.0,58861.0,2553,2510,99,20972,675
3.41,3.7,90.55,200,0,188505.0,0.0,14211,13600,96,38708,852,125364.0,109689.0,11646,11078,96,38708,893,63141.0,58978.0,2565,2522,99,20972,674
3.42,3.7,90.5,200,0,189421.0,0.0,14328,13701,96,38708,852,126280.0,110417.0,11763,11179,96,38708,892,63141.0,58978.0,2565,2522,99,20972,674
3.43,3.7,90.44,200,0,190393.0,0.0,14414,13773,96,38708,850,127252.0,111036.0,11849,11251,95,38708,890,63141.0,58978.0,2565,2522,99,20972,674
3.44,3.7,90.38,200,0,191379.0,0.0,14534,13883,96,38708,850,128238.0,111859.0,11969,11361,95,38708,889,63141.0,58978.0,2565,2522,99,20972,674
3.45,3.8,90.33,200,0,191827.0,0.0,14591,13929,96,38708,849,128686.0,112141.0,12026,11407,95,38708,888,63141.0,58978.0,2565,2522,99,20972,674
3.46,3.8,90.27,200,0,193231.0,0.0,14730,14054,96,38708,849,130090.0,113225.0,12165,11532,95,38708,887,63141.0,58978.0,2565,2522,99,20972,674
3.47,3.8,90.22,200,0,194232.0,0.0,14851,14160,96,38708,850,131091.0,113997.0,12286,11638,95,38708,888,63141.0,58978.0,2565,2522,99,20972,674
3.48,3.8,90.16,200,0,194697.0,0.0,14908,14208,96,38708,849,131556.0,114316.0,12343,11686,95,38708,886,63141.0,58978.0,2565,2522,99,20972,674
3.49,3.8,90.07,200,0,198701.0,0.0,15163,14447,96,38708,846,132969.0,115472.0,12496,11823,95,38708,885,65732.0,61062.0,2667,2624,99,20972,670
3.50,3.8,90.02,200,0,199269.0,0.0,15248,14521,96,38708,845,133361.0,115753.0,12551,11868,95,38708,884,65908.0,61685.0,2697,2653,99,20972,668
3.51,3.9,89.96,200,0,200237.0,0.0,15368,14624,96,38708,845,134329.0,116385.0,12671,11971,95,38708,884,65908.0,61685.0,2697,2653,99,20972,668
3.52,3.9,89.9,200,0,201739.0,0.0,15524,14763,96,38708,845,135831.0,117450.0,12827,12110,95,38708,884,65908.0,61685.0,2697,2653,99,20972,668
3.53,3.9,89.84,200,0,202141.0,0.0,15578,14804,96,38708,845,136233.0,117698.0,12881,12151,95,38708,883,65908.0,61685.0,2697,2653,99,20972,668
3.54,3.9,89.78,200,0,203088.0,0.0,15697,14909,95,38708,845,137180.0,118336.0,13000,12256,95,38708,883,65908.0,61685.0,2697,2653,99,20972,668
3.55,3.9,89.73,200,0,203846.0,0.0,15780,14978,95,38708,844,137938.0,118831.0,13083,12325,95,38708,882,65908.0,61685.0,2697,2653,99,20972,668
3.56,3.9,89.66,200,0,204940.0,0.0,15912,15097,95,38708,844,139032.0,119727.0,13215,12444,95,38708,882,65908.0,61685.0,2697,2653,99,20972,668
3.57,4.0,89.61,200,0,205907.0,0.0,16033,15196,95,38708,844,139999.0,120245.0,13336,12543,95,38708,881,65908.0,61685.0,2697,2653,99,20972,668
3.58,4.0,89.53,200,0,208947.0,0.0,16211,15361,95,38708,842,140717.0,120731.0,13416,12612,95,38708,880,68230.0,63342.0,2795,2749,99,20972,665
3.59,4.0,89.46,200,0,210331.0,0.0,16388,15518,95,38708,841,141760.0,121423.0,13550,12724,94,38708,880,68571.0,64234.0,2838,2794,99,20972,663
4.0,4.0,89.4,200,0,211169.0,0.0,16481,15596,95,38708,840,142538.0,121933.0,13635,12795,94,38708,879,68631.0,64348.0,2846,2801,99,20972,663
4.1,4.0,89.37,200,0,211374.0,0.0,16490,15605,95,38708,840,142538.0,121933.0,13635,12795,94,38708,879,68836.0,64553.0,2855,2810,99,20972,662
4.2,4.0,89.35,200,0,211374.0,0.0,16490,15605,95,38708,840,142538.0,121933.0,13635,12795,94,38708,879,68836.0,64553.0,2855,2810,99,20972,662
4.3,4.1,89.33,200,0,211374.0,0.0,16490,15605,95,38708,840,142538.0,121933.0,13635,12795,94,38708,879,68836.0,64553.0,2855,2810,99,20972,6